<?xml version="1.0" ?><ControllerSubsystem.GameEngine><BOMB__TIME>5</BOMB__TIME><DEFAULT__TIME>360</DEFAULT__TIME><score>82</score><currentLevel>1</currentLevel><time>319</time><paused>true</paused><destroyBombs>false</destroyBombs><bombTimers></bombTimers><movements></movements><colMan></colMan><storageMan><scorelines></scorelines></storageMan><player><icon serialization="custom"><javax.swing.ImageIcon><default><height>64</height><width>64</width><description>src/Sources/Images/player.png</description></default><int>64</int><int>64</int><int-array><int>0</int><int>0</int><int>0</int><int>0</int><int>0</int><int>0</int><int>0</int><int>0</int><int>0</int><int>0</int><int>0</int><int>0</int><int>0</int><int>0</int><int>0</int><int>0</int><int>33554176</int><int>67065173</int><int>67087018</int><int>67087018</int><int>67087018</int><int>50331647</int><int>0</int><int>0</int><int>0</int><int>0</int><int>0</int><int>33554431</int><int>50331647</int><int>50331647</int><int>50331647</int><int>67108863</int><int>67108863</int><int>67108863</int><int>67108863</int><int>67108863</int><int>67108863</int><int>67108863</int><int>67108863</int><int>67108863</int><int>67108863</int><int>67108863</int><int>67108863</int><int>67108863</int><int>67108863</int><int>67108863</int><int>50331647</int><int>50331647</int><int>50331647</int><int>33554431</int><int>0</int><int>0</int><int>0</int><int>0</int><int>0</int><int>0</int><int>0</int><int>0</int><int>0</int><int>0</int><int>0</int><int>0</int><int>0</int><int>0</int><int>0</int><int>0</int><int>0</int><int>0</int><int>0</int><int>0</int><int>0</int><int>0</int><int>0</int><int>0</int><int>0</int><int>0</int><int>0</int><int>0</int><int>0</int><int>33554176</int><int>0</int><int>0</int><int>0</int><int>0</int><int>0</int><int>0</int><int>0</int><int>33554431</int><int>0</int><int>33554431</int><int>33554431</int><int>0</int><int>0</int><int>0</int><int>0</int><int>0</int><int>0</int><int>0</int><int>0</int><int>0</int><int>0</int><int>0</int><int>0</int><int>0</int><int>0</int><int>0</int><int>0</int><int>0</int><int>0</int><int>0</int><int>0</int><int>0</int><int>0</int><int>0</int><int>50331647</int><int>33554431</int><int>0</int><int>0</int><int>0</int><int>0</int><int>0</int><int>0</int><int>0</int><int>0</int><int>0</int><int>0</int><int>0</int><int>0</int><int>0</int><int>0</int><int>0</int><int>0</int><int>0</int><int>0</int><int>0</int><int>0</int><int>0</int><int>0</int><int>0</int><int>0</int><int>0</int><int>0</int><int>33488896</int><int>0</int><int>117407744</int><int>469143116</int><int>569885075</int><int>586726535</int><int>519560652</int><int>301006847</int><int>0</int><int>0</int><int>41975936</int><int>0</int><int>0</int><int>90610022</int><int>233570283</int><int>335544319</int><int>418709492</int><int>469762047</int><int>519567351</int><int>536346615</int><int>569898999</int><int>569901047</int><int>586742008</int><int>586743800</int><int>586743800</int><int>586743800</int><int>586742008</int><int>569901047</int><int>553648127</int><int>536346615</int><int>502726646</int><int>469169910</int><int>402653183</int><int>318767103</int><int>216727530</int><int>50331647</int><int>0</int><int>0</int><int>33554431</int><int>0</int><int>0</int><int>0</int><int>0</int><int>0</int><int>0</int><int>0</int><int>0</int><int>0</int><int>0</int><int>0</int><int>0</int><int>0</int><int>0</int><int>0</int><int>0</int><int>0</int><int>0</int><int>0</int><int>0</int><int>0</int><int>0</int><int>0</int><int>0</int><int>33554176</int><int>0</int><int>720997437</int><int>-1745386979</int><int>-638021304</int><int>-252067179</int><int>-201802360</int><int>-453451057</int><int>-1174863873</int><int>1425668595</int><int>79675327</int><int>0</int><int>248044470</int><int>1201128065</int><int>2073279868</int><int>-1611860758</int><int>-1174667268</int><int>-822543370</int><int>-587661832</int><int>-419889928</int><int>-302383879</int><int>-201786120</int><int>-151454472</int><int>-117900040</int><int>-101122824</int><int>-101122824</int><int>-101122824</int><int>-134611719</int><int>-168165895</int><int>-218563336</int><int>-319292169</int><int>-453444104</int><int>-621216776</int><int>-889586439</int><int>-1241973768</int><int>-1711735560</int><int>1928920056</int><int>1006042102</int><int>83886079</int><int>33554431</int><int>83886079</int><int>75546496</int><int>75546496</int><int>33554431</int><int>0</int><int>0</int><int>0</int><int>0</int><int>0</int><int>0</int><int>0</int><int>0</int><int>0</int><int>0</int><int>0</int><int>0</int><int>0</int><int>0</int><int>0</int><int>0</int><int>0</int><int>0</int><int>0</int><int>0</int><int>50298880</int><int>0</int><int>2096597557</int><int>-34044893</int><int>-26807</int><int>-11615</int><int>-12908</int><int>-4133</int><int>-196609</int><int>-973472778</int><int>267321326</int><int>0</int><int>1567862093</int><int>-7356048</int><int>-24659865</int><int>-1313559</int><int>-1</int><int>-262149</int><int>-131075</int><int>-131075</int><int>-131075</int><int>-131075</int><int>-131075</int><int>-131075</int><int>-65538</int><int>-65538</int><int>-65538</int><int>-131075</int><int>-131075</int><int>-131075</int><int>-131075</int><int>-131075</int><int>-196612</int><int>-196612</int><int>-262149</int><int>-393735</int><int>-262149</int><int>-50791176</int><int>886301395</int><int>0</int><int>0</int><int>0</int><int>0</int><int>0</int><int>33554431</int><int>0</int><int>0</int><int>0</int><int>0</int><int>0</int><int>0</int><int>0</int><int>0</int><int>0</int><int>0</int><int>0</int><int>0</int><int>0</int><int>0</int><int>0</int><int>0</int><int>0</int><int>0</int><int>0</int><int>33488896</int><int>0</int><int>216700245</int><int>1677164821</int><int>-1409707448</int><int>-1007107435</int><int>-940065143</int><int>-1191648562</int><int>-1996947457</int><int>637073649</int><int>83886079</int><int>787805428</int><int>-1565012307</int><int>-4662872</int><int>-5387363</int><int>-1116692</int><int>-262404</int><int>-17236745</int><int>-17236744</int><int>-17236744</int><int>-34013960</int><int>-34013960</int><int>-34013960</int><int>-34013960</int><int>-34013960</int><int>-34013960</int><int>-34013960</int><int>-34013960</int><int>-34013960</int><int>-34013960</int><int>-17302536</int><int>-17236744</int><int>-17236744</int><int>-459528</int><int>-459528</int><int>-459528</int><int>-262149</int><int>-1</int><int>-1798317107</int><int>920578014</int><int>887879142</int><int>881441393</int><int>949140347</int><int>295093112</int><int>0</int><int>16842496</int><int>0</int><int>0</int><int>0</int><int>0</int><int>0</int><int>0</int><int>0</int><int>0</int><int>0</int><int>0</int><int>0</int><int>0</int><int>0</int><int>0</int><int>0</int><int>0</int><int>0</int><int>0</int><int>0</int><int>0</int><int>0</int><int>0</int><int>0</int><int>0</int><int>0</int><int>0</int><int>0</int><int>0</int><int>1878588922</int><int>-393735</int><int>-131075</int><int>-50659589</int><int>-17105414</int><int>-17236744</int><int>-17236744</int><int>-525321</int><int>-459785</int><int>-459785</int><int>-459785</int><int>-459785</int><int>-459785</int><int>-459785</int><int>-459785</int><int>-459785</int><int>-525321</int><int>-525321</int><int>-525322</int><int>-525322</int><int>-525321</int><int>-459785</int><int>-459786</int><int>-525322</int><int>-17236745</int><int>-17302537</int><int>-17368074</int><int>-34079497</int><int>-327943</int><int>-1</int><int>-1445148</int><int>-7422862</int><int>-6173050</int><int>1419099260</int><int>0</int><int>75546496</int><int>0</int><int>0</int><int>0</int><int>0</int><int>0</int><int>0</int><int>0</int><int>0</int><int>0</int><int>0</int><int>0</int><int>0</int><int>0</int><int>0</int><int>0</int><int>0</int><int>0</int><int>0</int><int>0</int><int>0</int><int>33488896</int><int>0</int><int>0</int><int>0</int><int>0</int><int>0</int><int>0</int><int>83869695</int><int>-419955465</int><int>-1</int><int>-17236744</int><int>-393991</int><int>-393991</int><int>-459528</int><int>-459529</int><int>-459527</int><int>-459013</int><int>-459013</int><int>-458755</int><int>-458754</int><int>-458755</int><int>-458755</int><int>-458755</int><int>-327682</int><int>-262146</int><int>-262146</int><int>-131074</int><int>-65538</int><int>-262146</int><int>-524291</int><int>-458755</int><int>-262146</int><int>-262146</int><int>-196610</int><int>-65538</int><int>-65538</int><int>-327682</int><int>-1</int><int>-1575703</int><int>-7488140</int><int>-6238327</int><int>1402192513</int><int>0</int><int>75546496</int><int>0</int><int>0</int><int>0</int><int>0</int><int>0</int><int>0</int><int>0</int><int>0</int><int>0</int><int>0</int><int>0</int><int>0</int><int>0</int><int>0</int><int>0</int><int>0</int><int>0</int><int>0</int><int>0</int><int>0</int><int>0</int><int>33488896</int><int>33554176</int><int>33554431</int><int>50299008</int><int>0</int><int>713076827</int><int>1905506689</int><int>-185271820</int><int>-131075</int><int>-34079753</int><int>-525065</int><int>-525321</int><int>-459528</int><int>-459527</int><int>-460044</int><int>-461590</int><int>-461332</int><int>-462876</int><int>-463392</int><int>-463391</int><int>-463391</int><int>-397855</int><int>-987680</int><int>-1380897</int><int>-1380897</int><int>-1905442</int><int>-2102051</int><int>-1249825</int><int>-332318</int><int>-528927</int><int>-1184288</int><int>-1315361</int><int>-1511969</int><int>-2036514</int><int>-1970978</int><int>-17633824</int><int>-16846618</int><int>-35265843</int><int>-57822362</int><int>-6438537</int><int>1385542768</int><int>0</int><int>75546496</int><int>0</int><int>0</int><int>0</int><int>0</int><int>0</int><int>0</int><int>0</int><int>0</int><int>0</int><int>0</int><int>0</int><int>0</int><int>0</int><int>0</int><int>0</int><int>0</int><int>0</int><int>0</int><int>0</int><int>0</int><int>0</int><int>0</int><int>0</int><int>61538218</int><int>0</int><int>866173836</int><int>-560808838</int><int>-5779312</int><int>-34408207</int><int>-17039621</int><int>-525321</int><int>-459528</int><int>-459528</int><int>-459785</int><int>-459013</int><int>-461846</int><int>-468033</int><int>-467002</int><int>-472930</int><int>-476282</int><int>-475507</int><int>-541302</int><int>-279156</int><int>-2507645</int><int>-4277380</int><int>-4211844</int><int>-7292560</int><int>-8800148</int><int>-3556483</int><int>-16755</int><int>-606838</int><int>-3556481</int><int>-3949699</int><int>-5064072</int><int>-8013458</int><int>-8013458</int><int>-1721211</int><int>-16497</int><int>-1853827</int><int>-41116353</int><int>-6379190</int><int>1385537352</int><int>0</int><int>75546432</int><int>0</int><int>0</int><int>0</int><int>0</int><int>0</int><int>0</int><int>0</int><int>0</int><int>0</int><int>0</int><int>0</int><int>0</int><int>0</int><int>0</int><int>0</int><int>0</int><int>0</int><int>0</int><int>0</int><int>0</int><int>0</int><int>0</int><int>33554431</int><int>0</int><int>0</int><int>-2021214360</int><int>-7354773</int><int>-74531980</int><int>-985105</int><int>-262405</int><int>-525321</int><int>-459528</int><int>-459528</int><int>-459785</int><int>-459013</int><int>-461589</int><int>-467518</int><int>-466744</int><int>-472156</int><int>-475250</int><int>-474219</int><int>-539240</int><int>-276839</int><int>-2243439</int><int>-3751028</int><int>-3751029</int><int>-6438271</int><int>-7683715</int><int>-3292276</int><int>-14694</int><int>-604776</int><int>-3160946</int><int>-3488627</int><int>-4537464</int><int>-7093889</int><int>-7028353</int><int>-1653613</int><int>-14179</int><int>-1852022</int><int>-41115322</int><int>-6377902</int><int>1385538126</int><int>0</int><int>75546432</int><int>0</int><int>0</int><int>0</int><int>0</int><int>0</int><int>0</int><int>0</int><int>0</int><int>0</int><int>0</int><int>0</int><int>0</int><int>0</int><int>0</int><int>0</int><int>0</int><int>0</int><int>0</int><int>0</int><int>0</int><int>0</int><int>33554431</int><int>0</int><int>329370004</int><int>1585492831</int><int>-961360476</int><int>-3546946</int><int>-54273606</int><int>-787981</int><int>-328198</int><int>-525065</int><int>-459528</int><int>-459528</int><int>-459785</int><int>-459013</int><int>-461589</int><int>-467518</int><int>-466487</int><int>-472156</int><int>-474735</int><int>-475247</int><int>-544901</int><int>-216964</int><int>-2904459</int><int>-5198481</int><int>-5001873</int><int>-8213658</int><int>-10114462</int><int>-3887760</int><int>-20355</int><int>-675973</int><int>-4215439</int><int>-4805264</int><int>-5919636</int><int>-9065884</int><int>-9065628</int><int>-1855882</int><int>-20096</int><int>-1856913</int><int>-41118152</int><int>-6381247</int><int>1385535550</int><int>0</int><int>75530304</int><int>0</int><int>0</int><int>0</int><int>0</int><int>0</int><int>0</int><int>0</int><int>0</int><int>0</int><int>0</int><int>0</int><int>0</int><int>0</int><int>0</int><int>0</int><int>0</int><int>0</int><int>0</int><int>0</int><int>0</int><int>16842496</int><int>0</int><int>0</int><int>2073674115</int><int>-7223952</int><int>-2561583</int><int>-33554433</int><int>-196612</int><int>-459528</int><int>-459529</int><int>-459528</int><int>-459528</int><int>-459528</int><int>-459785</int><int>-459013</int><int>-461589</int><int>-467517</int><int>-466487</int><int>-472155</int><int>-474219</int><int>-476534</int><int>-556787</int><int>-97769</int><int>-4030463</int><int>-8094208</int><int>-7569920</int><int>-13272576</int><int>-16746240</int><int>-5014016</int><int>-31971</int><int>-687592</int><int>-6259200</int><int>-7438848</int><int>-8815360</int><int>-16746240</int><int>-16746240</int><int>-2195185</int><int>-31972</int><int>-1932777</int><int>-41123570</int><int>-6387184</int><int>1385530128</int><int>0</int><int>75530240</int><int>0</int><int>0</int><int>0</int><int>0</int><int>0</int><int>0</int><int>0</int><int>0</int><int>0</int><int>0</int><int>0</int><int>0</int><int>0</int><int>0</int><int>0</int><int>0</int><int>0</int><int>0</int><int>0</int><int>0</int><int>42008448</int><int>0</int><int>379042164</int><int>-694697856</int><int>-7685013</int><int>-36642358</int><int>-65537</int><int>-590858</int><int>-459528</int><int>-459528</int><int>-459528</int><int>-459528</int><int>-459528</int><int>-459785</int><int>-459013</int><int>-461846</int><int>-468292</int><int>-467260</int><int>-473703</int><int>-476284</int><int>-478083</int><int>-555219</int><int>-96207</int><int>-3897818</int><int>-7764969</int><int>-7240679</int><int>-12353274</int><int>-16744704</int><int>-4881375</int><int>-30413</int><int>-686032</int><int>-5995235</int><int>-7109606</int><int>-8420588</int><int>-15433728</int><int>-16351232</int><int>-2193621</int><int>-30412</int><int>-1931476</int><int>-41122794</int><int>-6386406</int><int>1385530137</int><int>0</int><int>75530240</int><int>0</int><int>0</int><int>0</int><int>0</int><int>0</int><int>0</int><int>0</int><int>0</int><int>0</int><int>0</int><int>0</int><int>0</int><int>0</int><int>0</int><int>0</int><int>0</int><int>0</int><int>0</int><int>0</int><int>0</int><int>61516373</int><int>0</int><int>496353659</int><int>-191447168</int><int>-7751062</int><int>-36576822</int><int>-65537</int><int>-590858</int><int>-459528</int><int>-459528</int><int>-459528</int><int>-459528</int><int>-459528</int><int>-459529</int><int>-459271</int><int>-460815</int><int>-463651</int><int>-463136</int><int>-466225</int><int>-466484</int><int>-470086</int><int>-555482</int><int>-96466</int><int>-3897817</int><int>-7764969</int><int>-7240680</int><int>-12353531</int><int>-16744704</int><int>-4881376</int><int>-30413</int><int>-686032</int><int>-5995491</int><int>-7109607</int><int>-8486124</int><int>-15499264</int><int>-16482304</int><int>-2193878</int><int>-30413</int><int>-1931477</int><int>-41122794</int><int>-6386406</int><int>1385530137</int><int>0</int><int>75530240</int><int>0</int><int>0</int><int>0</int><int>0</int><int>0</int><int>0</int><int>0</int><int>0</int><int>0</int><int>0</int><int>0</int><int>0</int><int>0</int><int>0</int><int>0</int><int>0</int><int>0</int><int>0</int><int>0</int><int>0</int><int>55945813</int><int>0</int><int>479379318</int><int>-258490496</int><int>-7685013</int><int>-86974006</int><int>-50397185</int><int>-34145290</int><int>-459528</int><int>-459528</int><int>-459528</int><int>-459528</int><int>-459528</int><int>-459528</int><int>-459529</int><int>-459527</int><int>-459012</int><int>-459013</int><int>-459012</int><int>-458753</int><int>-462615</int><int>-555480</int><int>-96206</int><int>-3897295</int><int>-7633372</int><int>-7174619</int><int>-12025317</int><int>-16744171</int><int>-4815317</int><int>-29894</int><int>-685513</int><int>-5929432</int><int>-7043546</int><int>-8354526</int><int>-14515688</int><int>-14974440</int><int>-2127821</int><int>-29893</int><int>-1931214</int><int>-41122791</int><int>-6386147</int><int>1385530908</int><int>0</int><int>75530240</int><int>0</int><int>0</int><int>0</int><int>0</int><int>0</int><int>0</int><int>0</int><int>0</int><int>0</int><int>0</int><int>0</int><int>0</int><int>0</int><int>0</int><int>0</int><int>0</int><int>0</int><int>0</int><int>0</int><int>0</int><int>33554431</int><int>0</int><int>109095552</int><int>-1919369086</int><int>-7684758</int><int>-1968934</int><int>-1</int><int>-1</int><int>-393735</int><int>-17236744</int><int>-459528</int><int>-459528</int><int>-459528</int><int>-459528</int><int>-459528</int><int>-459528</int><int>-459529</int><int>-459529</int><int>-460042</int><int>-458755</int><int>-464159</int><int>-560384</int><int>-101120</int><int>-4295424</int><int>-8752640</int><int>-8162816</int><int>-16749312</int><int>-16749568</int><int>-5344768</int><int>-34816</int><int>-755968</int><int>-6720768</int><int>-8031744</int><int>-9736192</int><int>-16749568</int><int>-16749568</int><int>-2329344</int><int>-35072</int><int>-1935104</int><int>-41124352</int><int>-6388224</int><int>1385528320</int><int>0</int><int>75530240</int><int>0</int><int>0</int><int>0</int><int>0</int><int>0</int><int>0</int><int>0</int><int>0</int><int>0</int><int>0</int><int>0</int><int>0</int><int>0</int><int>0</int><int>0</int><int>0</int><int>0</int><int>0</int><int>0</int><int>0</int><int>0</int><int>33554431</int><int>0</int><int>362726022</int><int>1703130725</int><int>1976689611</int><int>1912471551</int><int>-1529158696</int><int>-84542987</int><int>-262149</int><int>-17236744</int><int>-459528</int><int>-459528</int><int>-459528</int><int>-459528</int><int>-459528</int><int>-459528</int><int>-459528</int><int>-459785</int><int>-459014</int><int>-461329</int><int>-536386</int><int>-339521</int><int>-1912385</int><int>-3157826</int><int>-3026754</int><int>-4075587</int><int>-4599875</int><int>-2240322</int><int>-208192</int><int>-601665</int><int>-2633282</int><int>-2961218</int><int>-3354434</int><int>-4272195</int><int>-4337731</int><int>-1257282</int><int>-11068</int><int>-18560850</int><int>-57825962</int><int>-6377115</int><int>1385539680</int><int>0</int><int>75546496</int><int>0</int><int>0</int><int>0</int><int>0</int><int>0</int><int>0</int><int>0</int><int>0</int><int>0</int><int>0</int><int>0</int><int>0</int><int>0</int><int>0</int><int>0</int><int>0</int><int>0</int><int>0</int><int>0</int><int>0</int><int>0</int><int>0</int><int>33554176</int><int>0</int><int>0</int><int>0</int><int>0</int><int>469762048</int><int>-302777868</int><int>-1</int><int>-34079753</int><int>-525064</int><int>-525064</int><int>-525064</int><int>-525064</int><int>-525064</int><int>-525064</int><int>-525064</int><int>-459528</int><int>-459785</int><int>-459271</int><int>-458753</int><int>-524289</int><int>-196609</int><int>-65537</int><int>-65537</int><int>-1</int><int>-1</int><int>-131073</int><int>-524289</int><int>-458753</int><int>-65537</int><int>-65537</int><int>-1</int><int>-1</int><int>-1</int><int>-17170433</int><int>-16973825</int><int>-35260950</int><int>-57819787</int><int>-6435191</int><int>1385546115</int><int>0</int><int>75546496</int><int>0</int><int>0</int><int>0</int><int>0</int><int>0</int><int>0</int><int>0</int><int>0</int><int>0</int><int>0</int><int>0</int><int>0</int><int>0</int><int>0</int><int>0</int><int>0</int><int>0</int><int>0</int><int>0</int><int>0</int><int>0</int><int>0</int><int>0</int><int>33554431</int><int>61516373</int><int>114677205</int><int>0</int><int>184549375</int><int>-402653192</int><int>-1</int><int>-50331656</int><int>-264</int><int>-264</int><int>-264</int><int>-264</int><int>-264</int><int>-66056</int><int>-66056</int><int>-393992</int><int>-525064</int><int>-459785</int><int>-460042</int><int>-460042</int><int>-525322</int><int>-525322</int><int>-525322</int><int>-591114</int><int>-591114</int><int>-525322</int><int>-459786</int><int>-459786</int><int>-525322</int><int>-525578</int><int>-525578</int><int>-591114</int><int>-17302537</int><int>-1</int><int>-1</int><int>-721168</int><int>-6961800</int><int>-5645939</int><int>1486142589</int><int>0</int><int>79675264</int><int>0</int><int>0</int><int>0</int><int>0</int><int>0</int><int>0</int><int>0</int><int>0</int><int>0</int><int>0</int><int>0</int><int>0</int><int>0</int><int>0</int><int>0</int><int>0</int><int>0</int><int>0</int><int>0</int><int>0</int><int>0</int><int>0</int><int>0</int><int>0</int><int>0</int><int>42008575</int><int>0</int><int>211146218</int><int>-408951304</int><int>-5903105</int><int>-39918601</int><int>-6298632</int><int>-6298632</int><int>-6298376</int><int>-6429704</int><int>-5773320</int><int>-4525832</int><int>-4984840</int><int>-1509128</int><int>-262920</int><int>-525064</int><int>-459528</int><int>-525064</int><int>-459528</int><int>-525064</int><int>-459528</int><int>-525064</int><int>-459528</int><int>-459528</int><int>-459528</int><int>-459528</int><int>-459528</int><int>-459528</int><int>-17236744</int><int>-459528</int><int>-131075</int><int>-2131231753</int><int>1425866751</int><int>1625616354</int><int>1569503856</int><int>1687469949</int><int>513393792</int><int>0</int><int>41975936</int><int>0</int><int>0</int><int>0</int><int>0</int><int>0</int><int>0</int><int>0</int><int>0</int><int>0</int><int>0</int><int>0</int><int>0</int><int>0</int><int>0</int><int>0</int><int>0</int><int>0</int><int>0</int><int>0</int><int>0</int><int>0</int><int>0</int><int>0</int><int>0</int><int>0</int><int>33619967</int><int>0</int><int>184603112</int><int>-419376648</int><int>-16721665</int><int>-67055368</int><int>-16723720</int><int>-16723720</int><int>-16723720</int><int>-16724232</int><int>-16722184</int><int>-9181192</int><int>-10689032</int><int>-2296072</int><int>-520</int><int>-525320</int><int>-459528</int><int>-459528</int><int>-459528</int><int>-459528</int><int>-459528</int><int>-459528</int><int>-459528</int><int>-459528</int><int>-459528</int><int>-459528</int><int>-459528</int><int>-459528</int><int>-17236744</int><int>-393735</int><int>-1</int><int>653850872</int><int>0</int><int>0</int><int>0</int><int>0</int><int>0</int><int>41975936</int><int>0</int><int>0</int><int>0</int><int>0</int><int>0</int><int>0</int><int>0</int><int>0</int><int>0</int><int>0</int><int>0</int><int>0</int><int>0</int><int>0</int><int>0</int><int>0</int><int>0</int><int>0</int><int>0</int><int>0</int><int>0</int><int>0</int><int>0</int><int>0</int><int>0</int><int>0</int><int>33619967</int><int>0</int><int>186110440</int><int>-417081864</int><int>-14295809</int><int>-64760328</int><int>-14363400</int><int>-14428936</int><int>-14166536</int><int>-16460808</int><int>-11478280</int><int>-7738632</int><int>-8787976</int><int>-1902600</int><int>-264</int><int>-262920</int><int>-197128</int><int>-197128</int><int>-197128</int><int>-197128</int><int>-197128</int><int>-197128</int><int>-197128</int><int>-197128</int><int>-197128</int><int>-197128</int><int>-196870</int><int>-196869</int><int>-16974085</int><int>-131075</int><int>-1</int><int>989593595</int><int>0</int><int>148889567</int><int>75546496</int><int>79675264</int><int>33554431</int><int>0</int><int>0</int><int>0</int><int>0</int><int>0</int><int>0</int><int>0</int><int>0</int><int>0</int><int>0</int><int>0</int><int>0</int><int>0</int><int>0</int><int>0</int><int>0</int><int>0</int><int>0</int><int>0</int><int>0</int><int>0</int><int>0</int><int>0</int><int>0</int><int>0</int><int>0</int><int>0</int><int>33619967</int><int>0</int><int>184603112</int><int>-418786056</int><int>-16130817</int><int>-66464264</int><int>-16132872</int><int>-16132872</int><int>-15805192</int><int>-16722952</int><int>-13444872</int><int>-10624520</int><int>-11345672</int><int>-6558984</int><int>-5050376</int><int>-5444104</int><int>-5378312</int><int>-5378312</int><int>-5378312</int><int>-5378312</int><int>-5378312</int><int>-5378312</int><int>-5378312</int><int>-5378312</int><int>-5378312</int><int>-5378569</int><int>-5053997</int><int>-5054258</int><int>-21701693</int><int>-4599383</int><int>-4269646</int><int>918082986</int><int>0</int><int>61538218</int><int>0</int><int>0</int><int>0</int><int>0</int><int>0</int><int>0</int><int>0</int><int>0</int><int>0</int><int>0</int><int>0</int><int>0</int><int>0</int><int>0</int><int>0</int><int>0</int><int>0</int><int>0</int><int>0</int><int>0</int><int>0</int><int>0</int><int>0</int><int>0</int><int>0</int><int>0</int><int>0</int><int>0</int><int>0</int><int>0</int><int>33619967</int><int>0</int><int>184603112</int><int>-419375880</int><int>-16720897</int><int>-67054600</int><int>-16722952</int><int>-16722952</int><int>-16591624</int><int>-16722952</int><int>-14821640</int><int>-12722696</int><int>-13181704</int><int>-10165256</int><int>-9246728</int><int>-9443592</int><int>-9378056</int><int>-9378056</int><int>-9378056</int><int>-9378056</int><int>-9378056</int><int>-9378056</int><int>-9378056</int><int>-9378057</int><int>-9377799</int><int>-9378057</int><int>-8662339</int><int>-8597323</int><int>-25048928</int><int>-7751838</int><int>-7553425</int><int>931575147</int><int>0</int><int>75546432</int><int>0</int><int>0</int><int>0</int><int>0</int><int>0</int><int>0</int><int>0</int><int>0</int><int>0</int><int>0</int><int>0</int><int>0</int><int>0</int><int>0</int><int>0</int><int>0</int><int>0</int><int>0</int><int>0</int><int>0</int><int>0</int><int>0</int><int>0</int><int>0</int><int>0</int><int>0</int><int>0</int><int>0</int><int>0</int><int>0</int><int>33619967</int><int>0</int><int>201375722</int><int>-419375880</int><int>-16720897</int><int>-67054600</int><int>-16722952</int><int>-16722952</int><int>-16722952</int><int>-16723208</int><int>-14625032</int><int>-12132616</int><int>-12722696</int><int>-9050632</int><int>-7935496</int><int>-8197896</int><int>-8066824</int><int>-8066824</int><int>-8066824</int><int>-8066824</int><int>-8066568</int><int>-8066568</int><int>-8066568</int><int>-8066825</int><int>-8066567</int><int>-8066825</int><int>-7547197</int><int>-7482180</int><int>-23999062</int><int>-6832519</int><int>-6568316</int><int>915915392</int><int>0</int><int>75546496</int><int>0</int><int>0</int><int>0</int><int>0</int><int>0</int><int>0</int><int>0</int><int>0</int><int>0</int><int>0</int><int>0</int><int>0</int><int>0</int><int>0</int><int>0</int><int>0</int><int>0</int><int>0</int><int>0</int><int>0</int><int>0</int><int>0</int><int>0</int><int>0</int><int>0</int><int>0</int><int>0</int><int>0</int><int>0</int><int>0</int><int>42008575</int><int>0</int><int>224581867</int><int>-411703816</int><int>-8786689</int><int>-42605321</int><int>-9050888</int><int>-9050888</int><int>-9050888</int><int>-9050888</int><int>-8985096</int><int>-8853768</int><int>-8853768</int><int>-8460296</int><int>-8066568</int><int>-8854024</int><int>-12920584</int><int>-12855048</int><int>-12723976</int><int>-12789512</int><int>-12789512</int><int>-12789512</int><int>-12789512</int><int>-12789513</int><int>-12855047</int><int>-12723977</int><int>-10695486</int><int>-10892101</int><int>-25835607</int><int>-6766985</int><int>-6634110</int><int>915915392</int><int>0</int><int>75546496</int><int>0</int><int>0</int><int>0</int><int>0</int><int>0</int><int>0</int><int>0</int><int>0</int><int>0</int><int>0</int><int>0</int><int>0</int><int>0</int><int>0</int><int>0</int><int>0</int><int>0</int><int>0</int><int>0</int><int>0</int><int>0</int><int>0</int><int>0</int><int>0</int><int>0</int><int>0</int><int>0</int><int>0</int><int>0</int><int>0</int><int>42008575</int><int>0</int><int>292144037</int><int>-377493257</int><int>-8130305</int><int>-41948937</int><int>-8394504</int><int>-8394504</int><int>-8394504</int><int>-8394248</int><int>-8394504</int><int>-8460040</int><int>-8460040</int><int>-8656904</int><int>-8460040</int><int>-9444104</int><int>-16723208</int><int>-16723208</int><int>-16723208</int><int>-16723208</int><int>-16723208</int><int>-16723208</int><int>-16723208</int><int>-16723209</int><int>-16722951</int><int>-16723209</int><int>-12334912</int><int>-12728135</int><int>-26688346</int><int>-6964112</int><int>-6962308</int><int>932231540</int><int>0</int><int>75546496</int><int>0</int><int>0</int><int>0</int><int>0</int><int>0</int><int>0</int><int>0</int><int>0</int><int>0</int><int>0</int><int>0</int><int>0</int><int>0</int><int>0</int><int>0</int><int>0</int><int>0</int><int>0</int><int>0</int><int>0</int><int>0</int><int>0</int><int>0</int><int>0</int><int>0</int><int>0</int><int>0</int><int>0</int><int>0</int><int>16842751</int><int>0</int><int>0</int><int>1379448738</int><int>-176101900</int><int>-7868930</int><int>-41686792</int><int>-8132360</int><int>-8132360</int><int>-8132360</int><int>-8132360</int><int>-8132360</int><int>-8132360</int><int>-8132360</int><int>-8132360</int><int>-7869960</int><int>-8788488</int><int>-16460552</int><int>-16001800</int><int>-15477512</int><int>-15608584</int><int>-15608584</int><int>-15608584</int><int>-15608584</int><int>-15543048</int><int>-15870727</int><int>-15411977</int><int>-11613245</int><int>-11941188</int><int>-26163541</int><int>-6570117</int><int>-6502779</int><int>932494973</int><int>0</int><int>75546496</int><int>0</int><int>0</int><int>0</int><int>0</int><int>0</int><int>0</int><int>0</int><int>0</int><int>0</int><int>0</int><int>0</int><int>0</int><int>0</int><int>0</int><int>0</int><int>0</int><int>0</int><int>0</int><int>0</int><int>0</int><int>0</int><int>0</int><int>0</int><int>0</int><int>0</int><int>0</int><int>0</int><int>0</int><int>41975936</int><int>0</int><int>343136754</int><int>-1577004039</int><int>-180431885</int><int>-35391753</int><int>-984072</int><int>-1312264</int><int>-1246728</int><int>-1246728</int><int>-1246728</int><int>-1246728</int><int>-1246728</int><int>-1312264</int><int>-1312264</int><int>-1378056</int><int>-984072</int><int>-2624520</int><int>-16722952</int><int>-16722952</int><int>-15608584</int><int>-16263944</int><int>-16263944</int><int>-16263944</int><int>-16263944</int><int>-16001800</int><int>-16722952</int><int>-15608584</int><int>-8920334</int><int>-9640975</int><int>-22025489</int><int>-722964</int><int>-655884</int><int>921827052</int><int>0</int><int>79675327</int><int>0</int><int>0</int><int>0</int><int>0</int><int>0</int><int>0</int><int>0</int><int>0</int><int>0</int><int>0</int><int>0</int><int>0</int><int>0</int><int>0</int><int>0</int><int>0</int><int>0</int><int>0</int><int>0</int><int>0</int><int>0</int><int>0</int><int>0</int><int>0</int><int>0</int><int>0</int><int>0</int><int>16777216</int><int>16842751</int><int>0</int><int>1879102714</int><int>-16719873</int><int>-15082753</int><int>-919048</int><int>-265</int><int>-262920</int><int>-197128</int><int>-197128</int><int>-197128</int><int>-197128</int><int>-131592</int><int>-520</int><int>-520</int><int>-66056</int><int>-8</int><int>-1378312</int><int>-16722952</int><int>-16722952</int><int>-15477512</int><int>-16263944</int><int>-16198408</int><int>-16198408</int><int>-16198408</int><int>-15936264</int><int>-16722952</int><int>-15543048</int><int>-8460294</int><int>-9180934</int><int>-21302789</int><int>-3</int><int>-1</int><int>922746879</int><int>0</int><int>79691711</int><int>0</int><int>0</int><int>0</int><int>0</int><int>0</int><int>0</int><int>0</int><int>0</int><int>0</int><int>0</int><int>0</int><int>0</int><int>0</int><int>0</int><int>0</int><int>0</int><int>0</int><int>0</int><int>0</int><int>0</int><int>0</int><int>0</int><int>0</int><int>0</int><int>0</int><int>0</int><int>0</int><int>0</int><int>33554431</int><int>277835776</int><int>-1454255897</int><int>-12327425</int><int>-111355401</int><int>-1181192</int><int>-328200</int><int>-590856</int><int>-525064</int><int>-525064</int><int>-525064</int><int>-525064</int><int>-656392</int><int>-984328</int><int>-918792</int><int>-1115656</int><int>-721928</int><int>-2427912</int><int>-16722952</int><int>-16722952</int><int>-15543048</int><int>-16263944</int><int>-16198408</int><int>-16198408</int><int>-16198408</int><int>-15936264</int><int>-16722952</int><int>-15543048</int><int>-8591625</int><int>-9312265</int><int>-21565449</int><int>-65800</int><int>-1</int><int>922419194</int><int>0</int><int>67108863</int><int>0</int><int>0</int><int>0</int><int>0</int><int>0</int><int>0</int><int>0</int><int>0</int><int>0</int><int>0</int><int>0</int><int>0</int><int>0</int><int>0</int><int>0</int><int>0</int><int>0</int><int>0</int><int>0</int><int>0</int><int>0</int><int>0</int><int>0</int><int>0</int><int>0</int><int>0</int><int>33554176</int><int>0</int><int>1335607944</int><int>-343427225</int><int>-104013622</int><int>-655873</int><int>-1050378</int><int>-525064</int><int>-459528</int><int>-459529</int><int>-459785</int><int>-459785</int><int>-525321</int><int>-131850</int><int>-2033929</int><int>-8132361</int><int>-7214345</int><int>-10167049</int><int>-12134664</int><int>-12134408</int><int>-16526088</int><int>-16329480</int><int>-16132872</int><int>-16198408</int><int>-16198408</int><int>-16198408</int><int>-16198408</int><int>-15936264</int><int>-16722952</int><int>-15543048</int><int>-8591881</int><int>-9312521</int><int>-21500169</int><int>-521</int><int>-1</int><int>972486386</int><int>0</int><int>131839670</int><int>55923968</int><int>33554176</int><int>0</int><int>0</int><int>0</int><int>0</int><int>0</int><int>0</int><int>0</int><int>0</int><int>0</int><int>0</int><int>0</int><int>0</int><int>0</int><int>0</int><int>0</int><int>0</int><int>0</int><int>0</int><int>0</int><int>0</int><int>0</int><int>0</int><int>0</int><int>41975936</int><int>0</int><int>260619127</int><int>-1114128256</int><int>-7355536</int><int>-2825270</int><int>-16777217</int><int>-262921</int><int>-459528</int><int>-459785</int><int>-459271</int><int>-459012</int><int>-459013</int><int>-589827</int><int>-65539</int><int>-2229507</int><int>-9770757</int><int>-8524804</int><int>-13444615</int><int>-16723721</int><int>-16722952</int><int>-16067336</int><int>-16132872</int><int>-16198408</int><int>-16198408</int><int>-16198408</int><int>-16198408</int><int>-16198408</int><int>-15936264</int><int>-16722952</int><int>-15543048</int><int>-8591109</int><int>-9311748</int><int>-21499140</int><int>-2</int><int>-1</int><int>754581503</int><int>0</int><int>0</int><int>0</int><int>0</int><int>33488896</int><int>0</int><int>0</int><int>0</int><int>0</int><int>0</int><int>0</int><int>0</int><int>0</int><int>0</int><int>0</int><int>0</int><int>0</int><int>0</int><int>0</int><int>0</int><int>0</int><int>0</int><int>0</int><int>0</int><int>0</int><int>0</int><int>0</int><int>42008448</int><int>0</int><int>479379318</int><int>-308821888</int><int>-7751062</int><int>-53419318</int><int>-131073</int><int>-590858</int><int>-459528</int><int>-459527</int><int>-460300</int><int>-461587</int><int>-461330</int><int>-593430</int><int>-69144</int><int>-2167574</int><int>-9051922</int><int>-7937299</int><int>-11740939</int><int>-16722951</int><int>-14756616</int><int>-16263944</int><int>-16198408</int><int>-16198408</int><int>-16198408</int><int>-16198408</int><int>-16198408</int><int>-16198408</int><int>-15936264</int><int>-16722952</int><int>-15543048</int><int>-8593169</int><int>-9314067</int><int>-21501972</int><int>-3351</int><int>-67343</int><int>1375327942</int><int>352256000</int><int>636131418</int><int>545751056</int><int>144670752</int><int>0</int><int>16777216</int><int>0</int><int>0</int><int>0</int><int>0</int><int>0</int><int>0</int><int>0</int><int>0</int><int>0</int><int>0</int><int>0</int><int>0</int><int>0</int><int>0</int><int>0</int><int>0</int><int>0</int><int>0</int><int>0</int><int>0</int><int>0</int><int>42008448</int><int>0</int><int>462339451</int><int>-375930752</int><int>-7816855</int><int>-53484854</int><int>-131073</int><int>-590858</int><int>-459785</int><int>-458754</int><int>-464936</int><int>-475508</int><int>-473702</int><int>-550823</int><int>-96991</int><int>-2189212</int><int>-9129574</int><int>-8016498</int><int>-11941151</int><int>-16722180</int><int>-15281162</int><int>-16263944</int><int>-16198408</int><int>-16198408</int><int>-16198408</int><int>-16198408</int><int>-16198408</int><int>-16198408</int><int>-15936265</int><int>-16722695</int><int>-15543306</int><int>-8604506</int><int>-9326442</int><int>-4742014</int><int>-95952</int><int>-553919</int><int>-84440781</int><int>-100825040</int><int>-102463700</int><int>-225672170</int><int>-2137816296</int><int>111837227</int><int>0</int><int>16777216</int><int>0</int><int>0</int><int>0</int><int>0</int><int>0</int><int>0</int><int>0</int><int>0</int><int>0</int><int>0</int><int>0</int><int>0</int><int>0</int><int>0</int><int>0</int><int>0</int><int>0</int><int>0</int><int>0</int><int>0</int><int>33554431</int><int>0</int><int>177845120</int><int>-1382498174</int><int>-7158158</int><int>-2693941</int><int>-16777217</int><int>-197385</int><int>-459785</int><int>-458754</int><int>-465194</int><int>-476284</int><int>-474477</int><int>-617914</int><int>-99584</int><int>-2256298</int><int>-9588585</int><int>-8410487</int><int>-12661787</int><int>-16721409</int><int>-16722437</int><int>-16198408</int><int>-16198408</int><int>-16198408</int><int>-16198408</int><int>-16198408</int><int>-16198408</int><int>-16198408</int><int>-15936265</int><int>-16722439</int><int>-15543306</int><int>-8605279</int><int>-9327217</int><int>-4743048</int><int>-98304</int><int>-556006</int><int>-292564</int><int>-29645</int><int>-1472212</int><int>-7239657</int><int>-141261800</int><int>1066829336</int><int>0</int><int>61516288</int><int>0</int><int>0</int><int>0</int><int>0</int><int>0</int><int>0</int><int>0</int><int>0</int><int>0</int><int>0</int><int>0</int><int>0</int><int>0</int><int>0</int><int>0</int><int>0</int><int>0</int><int>0</int><int>0</int><int>0</int><int>0</int><int>33554431</int><int>0</int><int>983484040</int><int>-813320605</int><int>-188423988</int><int>-1245697</int><int>-18417417</int><int>-590857</int><int>-458754</int><int>-464937</int><int>-475767</int><int>-473960</int><int>-551341</int><int>-163313</int><int>-2058917</int><int>-8016496</int><int>-7100284</int><int>-10631981</int><int>-13512724</int><int>-12988694</int><int>-16395016</int><int>-16263944</int><int>-16132872</int><int>-16198408</int><int>-16198408</int><int>-16198408</int><int>-16198408</int><int>-15936265</int><int>-16722695</int><int>-15543306</int><int>-8604764</int><int>-9326700</int><int>-4742273</int><int>-96734</int><int>-554440</int><int>-34109391</int><int>-33716176</int><int>-35354837</int><int>-57834474</int><int>-6517991</int><int>1352042010</int><int>0</int><int>75530240</int><int>0</int><int>0</int><int>0</int><int>0</int><int>0</int><int>0</int><int>0</int><int>0</int><int>0</int><int>0</int><int>0</int><int>0</int><int>0</int><int>0</int><int>0</int><int>0</int><int>0</int><int>0</int><int>0</int><int>0</int><int>0</int><int>0</int><int>16842496</int><int>0</int><int>100663296</int><int>-1418273309</int><int>-8522241</int><int>-58464008</int><int>-1050121</int><int>-327682</int><int>-596265</int><int>-541560</int><int>-539753</int><int>-551601</int><int>-294378</int><int>-1470908</int><int>-4547742</int><int>-4089508</int><int>-6838138</int><int>-8213622</int><int>-8735575</int><int>-16722695</int><int>-16657160</int><int>-16001801</int><int>-16198408</int><int>-16198408</int><int>-16198408</int><int>-16198408</int><int>-15936265</int><int>-16722695</int><int>-15543306</int><int>-42159453</int><int>-76435566</int><int>-38362499</int><int>-162792</int><int>-620494</int><int>-620497</int><int>-227279</int><int>-18643157</int><int>-57834474</int><int>-7044072</int><int>1217757977</int><int>0</int><int>75530240</int><int>0</int><int>0</int><int>0</int><int>0</int><int>0</int><int>0</int><int>0</int><int>0</int><int>0</int><int>0</int><int>0</int><int>0</int><int>0</int><int>0</int><int>0</int><int>0</int><int>0</int><int>0</int><int>0</int><int>0</int><int>0</int><int>0</int><int>0</int><int>61538303</int><int>0</int><int>-2038174985</int><int>-7799553</int><int>-74781960</int><int>-590857</int><int>-2</int><int>-202537</int><int>-279160</int><int>-211817</int><int>-486065</int><int>-294379</int><int>-1536186</int><int>-5071514</int><int>-4547745</int><int>-7754868</int><int>-9654382</int><int>-9914451</int><int>-16722695</int><int>-16526088</int><int>-16067336</int><int>-16198408</int><int>-16198408</int><int>-16198408</int><int>-16198408</int><int>-15870729</int><int>-16722695</int><int>-15543306</int><int>-8144214</int><int>-8733538</int><int>-4216701</int><int>-16808679</int><int>-161484</int><int>-227279</int><int>-16807630</int><int>-1406931</int><int>-6581991</int><int>-829062120</int><int>546801432</int><int>0</int><int>41975808</int><int>0</int><int>0</int><int>0</int><int>0</int><int>0</int><int>0</int><int>0</int><int>0</int><int>0</int><int>0</int><int>0</int><int>0</int><int>0</int><int>0</int><int>0</int><int>0</int><int>0</int><int>0</int><int>0</int><int>0</int><int>0</int><int>0</int><int>0</int><int>75563007</int><int>0</int><int>-2056133897</int><int>-9177601</int><int>-76028680</int><int>-2624265</int><int>-2032642</int><int>-1908009</int><int>-1459576</int><int>-1523305</int><int>-682929</int><int>-294119</int><int>-1209023</int><int>-3369127</int><int>-3041964</int><int>-4742790</int><int>-5266822</int><int>-6312288</int><int>-16722439</int><int>-16722696</int><int>-15870728</int><int>-16198408</int><int>-16198408</int><int>-16198408</int><int>-16198408</int><int>-16001801</int><int>-16722438</int><int>-15608841</int><int>-696863578</int><int>-1234194542</int><int>-592469895</int><int>-1538793</int><int>-18773971</int><int>-18774230</int><int>-1603540</int><int>-254441689</int><int>-964001002</int><int>1435927576</int><int>0</int><int>33554176</int><int>0</int><int>0</int><int>0</int><int>0</int><int>0</int><int>0</int><int>0</int><int>0</int><int>0</int><int>0</int><int>0</int><int>0</int><int>0</int><int>0</int><int>0</int><int>0</int><int>0</int><int>0</int><int>0</int><int>0</int><int>0</int><int>0</int><int>0</int><int>0</int><int>67158015</int><int>0</int><int>-2063543305</int><int>-16718593</int><int>-83831816</int><int>-9378569</int><int>-9508098</int><int>-7088681</int><int>-4541560</int><int>-4867689</int><int>-1142193</int><int>-293599</int><int>-489422</int><int>-293077</int><int>-358612</int><int>-358608</int><int>-33024</int><int>-1599370</int><int>-16722438</int><int>-16722695</int><int>-15477769</int><int>-16263944</int><int>-16198408</int><int>-16198408</int><int>-16198408</int><int>-32975625</int><int>-16263173</int><int>-49556233</int><int>1177796033</int><int>0</int><int>1904315460</int><int>-6647530</int><int>-57900010</int><int>-108297450</int><int>-6844904</int><int>-796163306</int><int>0</int><int>0</int><int>33554176</int><int>0</int><int>0</int><int>0</int><int>0</int><int>0</int><int>0</int><int>0</int><int>0</int><int>0</int><int>0</int><int>0</int><int>0</int><int>0</int><int>0</int><int>0</int><int>0</int><int>0</int><int>0</int><int>0</int><int>0</int><int>0</int><int>0</int><int>0</int><int>0</int><int>0</int><int>67158015</int><int>0</int><int>-2079336969</int><int>-16718337</int><int>-82062088</int><int>-8329225</int><int>-8327426</int><int>-6301737</int><int>-3951480</int><int>-4277609</int><int>-1076657</int><int>-359392</int><int>-554701</int><int>-489424</int><int>-489425</int><int>-554695</int><int>-97792</int><int>-1861254</int><int>-16722438</int><int>-16722695</int><int>-15477769</int><int>-16263944</int><int>-16198408</int><int>-16198408</int><int>-16198408</int><int>-49752840</int><int>-16197379</int><int>-100150024</int><int>539545591</int><int>0</int><int>932218428</int><int>-678198248</int><int>-6780903</int><int>-6583527</int><int>-174816232</int><int>2106819864</int><int>0</int><int>16777216</int><int>16777216</int><int>0</int><int>0</int><int>0</int><int>0</int><int>0</int><int>0</int><int>0</int><int>0</int><int>0</int><int>0</int><int>0</int><int>0</int><int>0</int><int>0</int><int>0</int><int>0</int><int>0</int><int>0</int><int>0</int><int>0</int><int>0</int><int>0</int><int>0</int><int>0</int><int>0</int><int>67158015</int><int>0</int><int>2047989241</int><int>-16719873</int><int>-65546760</int><int>-10100746</int><int>-10296066</int><int>-7876393</int><int>-5459832</int><int>-5851497</int><int>-1273521</int><int>-293600</int><int>-554957</int><int>-489424</int><int>-489425</int><int>-620231</int><int>-163328</int><int>-1861254</int><int>-16722438</int><int>-16722695</int><int>-15543305</int><int>-16329480</int><int>-16263944</int><int>-16263944</int><int>-16329480</int><int>-49818120</int><int>-16197380</int><int>-150416136</int><int>505075191</int><int>0</int><int>0</int><int>882410516</int><int>-1936358632</int><int>-1735097577</int><int>1586857240</int><int>79659008</int><int>0</int><int>33488896</int><int>0</int><int>0</int><int>0</int><int>0</int><int>0</int><int>0</int><int>0</int><int>0</int><int>0</int><int>0</int><int>0</int><int>0</int><int>0</int><int>0</int><int>0</int><int>0</int><int>0</int><int>0</int><int>0</int><int>0</int><int>0</int><int>0</int><int>0</int><int>0</int><int>0</int><int>0</int><int>50397183</int><int>0</int><int>1627969018</int><int>-100084744</int><int>-33041160</int><int>-32713737</int><int>-16722178</int><int>-11352617</int><int>-8344693</int><int>-8867687</int><int>-1535403</int><int>-161745</int><int>-619715</int><int>-554438</int><int>-554438</int><int>-685246</int><int>-228608</int><int>-1926275</int><int>-16722182</int><int>-15280647</int><int>-14232329</int><int>-14494472</int><int>-14494216</int><int>-14494472</int><int>-14428680</int><int>-65415688</int><int>-16394245</int><int>-553003528</int><int>403428852</int><int>0</int><int>50375338</int><int>0</int><int>0</int><int>0</int><int>0</int><int>0</int><int>0</int><int>0</int><int>0</int><int>0</int><int>0</int><int>0</int><int>0</int><int>0</int><int>0</int><int>0</int><int>0</int><int>0</int><int>0</int><int>0</int><int>0</int><int>0</int><int>0</int><int>0</int><int>0</int><int>0</int><int>0</int><int>0</int><int>0</int><int>0</int><int>0</int><int>0</int><int>0</int><int>0</int><int>33587455</int><int>0</int><int>620810232</int><int>-602942216</int><int>-16717057</int><int>-50278153</int><int>-16722946</int><int>-14237484</int><int>-9330312</int><int>-9984374</int><int>-1605365</int><int>-232704</int><int>-428032</int><int>-34048</int><int>-34048</int><int>-33024</int><int>-34816</int><int>-1469851</int><int>-16723462</int><int>-16723719</int><int>-16723721</int><int>-16723720</int><int>-16723720</int><int>-16723720</int><int>-50278152</int><int>-16721665</int><int>-15079169</int><int>-1878862344</int><int>50375423</int><int>0</int><int>16842751</int><int>16777216</int><int>33554176</int><int>33554176</int><int>33554176</int><int>0</int><int>0</int><int>0</int><int>0</int><int>0</int><int>0</int><int>0</int><int>0</int><int>0</int><int>0</int><int>0</int><int>0</int><int>0</int><int>0</int><int>0</int><int>0</int><int>0</int><int>0</int><int>0</int><int>0</int><int>0</int><int>0</int><int>0</int><int>0</int><int>0</int><int>0</int><int>0</int><int>0</int><int>0</int><int>0</int><int>16842751</int><int>0</int><int>1459672057</int><int>-1003370531</int><int>-72686348</int><int>-5182466</int><int>-21437977</int><int>-3877435</int><int>-4073781</int><int>-1062218</int><int>-145232</int><int>-1260110</int><int>-3490895</int><int>-3228495</int><int>-4016973</int><int>-4346964</int><int>-4473919</int><int>-5248775</int><int>-5248776</int><int>-5249033</int><int>-5249032</int><int>-5249032</int><int>-22091785</int><int>-4722945</int><int>-510994196</int><int>-1828665368</int><int>524476159</int><int>0</int><int>16842751</int><int>0</int><int>0</int><int>0</int><int>0</int><int>0</int><int>0</int><int>0</int><int>0</int><int>0</int><int>0</int><int>0</int><int>0</int><int>0</int><int>0</int><int>0</int><int>0</int><int>0</int><int>0</int><int>0</int><int>0</int><int>0</int><int>0</int><int>0</int><int>0</int><int>0</int><int>0</int><int>0</int><int>0</int><int>0</int><int>0</int><int>0</int><int>0</int><int>0</int><int>0</int><int>0</int><int>0</int><int>50331647</int><int>0</int><int>814381568</int><int>-235013133</int><int>-1</int><int>-33554438</int><int>-2</int><int>-2</int><int>-458753</int><int>-65537</int><int>-2294273</int><int>-10621697</int><int>-9179393</int><int>-15540225</int><int>-16722689</int><int>-10231554</int><int>-266</int><int>-265</int><int>-265</int><int>-265</int><int>-265</int><int>-67109129</int><int>-1</int><int>-1728909601</int><int>0</int><int>0</int><int>33587328</int><int>0</int><int>0</int><int>0</int><int>0</int><int>0</int><int>0</int><int>0</int><int>0</int><int>0</int><int>0</int><int>0</int><int>0</int><int>0</int><int>0</int><int>0</int><int>0</int><int>0</int><int>0</int><int>0</int><int>0</int><int>0</int><int>0</int><int>0</int><int>0</int><int>0</int><int>0</int><int>0</int><int>0</int><int>0</int><int>0</int><int>0</int><int>0</int><int>0</int><int>0</int><int>0</int><int>0</int><int>0</int><int>50331647</int><int>0</int><int>298050017</int><int>-386466569</int><int>-1</int><int>-34145289</int><int>-525321</int><int>-525321</int><int>-590857</int><int>-66314</int><int>-2164999</int><int>-9180674</int><int>-8066050</int><int>-11411713</int><int>-16722689</int><int>-9051649</int><int>-393217</int><int>-458753</int><int>-589825</int><int>-524289</int><int>-524289</int><int>-67633153</int><int>-1</int><int>-2080899073</int><int>0</int><int>97320959</int><int>0</int><int>0</int><int>0</int><int>0</int><int>0</int><int>0</int><int>0</int><int>0</int><int>0</int><int>0</int><int>0</int><int>0</int><int>0</int><int>0</int><int>0</int><int>0</int><int>0</int><int>0</int><int>0</int><int>0</int><int>0</int><int>0</int><int>0</int><int>0</int><int>0</int><int>0</int><int>0</int><int>0</int><int>0</int><int>0</int><int>0</int><int>0</int><int>0</int><int>0</int><int>0</int><int>0</int><int>0</int><int>0</int><int>50331647</int><int>0</int><int>249289691</int><int>-386401033</int><int>-1</int><int>-50791176</int><int>-459528</int><int>-459528</int><int>-590857</int><int>-131333</int><int>-2035222</int><int>-8335427</int><int>-7351101</int><int>-10896972</int><int>-16734035</int><int>-8866897</int><int>-341838</int><int>-407374</int><int>-538446</int><int>-472910</int><int>-472910</int><int>-67581774</int><int>-9791</int><int>-2047359054</int><int>0</int><int>83869631</int><int>0</int><int>0</int><int>0</int><int>0</int><int>0</int><int>0</int><int>0</int><int>0</int><int>0</int><int>0</int><int>0</int><int>0</int><int>0</int><int>0</int><int>0</int><int>0</int><int>0</int><int>0</int><int>0</int><int>0</int><int>0</int><int>0</int><int>0</int><int>0</int><int>0</int><int>0</int><int>0</int><int>0</int><int>0</int><int>0</int><int>0</int><int>0</int><int>0</int><int>0</int><int>0</int><int>0</int><int>0</int><int>0</int><int>50331647</int><int>0</int><int>216722154</int><int>-403112712</int><int>-1</int><int>-50791176</int><int>-459529</int><int>-459785</int><int>-525322</int><int>-131074</int><int>-1971237</int><int>-7556012</int><int>-6701715</int><int>-10318592</int><int>-16749056</int><int>-8620288</int><int>-362752</int><int>-428288</int><int>-559360</int><int>-493824</int><int>-493824</int><int>-67602688</int><int>-32512</int><int>-2080803072</int><int>0</int><int>97281536</int><int>0</int><int>0</int><int>0</int><int>0</int><int>0</int><int>0</int><int>0</int><int>0</int><int>0</int><int>0</int><int>0</int><int>0</int><int>0</int><int>0</int><int>0</int><int>0</int><int>0</int><int>0</int><int>0</int><int>0</int><int>0</int><int>0</int><int>0</int><int>0</int><int>0</int><int>0</int><int>0</int><int>0</int><int>0</int><int>0</int><int>0</int><int>0</int><int>0</int><int>0</int><int>0</int><int>0</int><int>0</int><int>0</int><int>50331647</int><int>0</int><int>201326591</int><int>-403111938</int><int>-1</int><int>-50790402</int><int>-458755</int><int>-458755</int><int>-524548</int><int>-131073</int><int>-1969949</int><int>-7685260</int><int>-6765434</int><int>-10447027</int><int>-16745728</int><int>-8682199</int><int>-357573</int><int>-423110</int><int>-554438</int><int>-488902</int><int>-488646</int><int>-67597510</int><int>-27585</int><int>-1646032842</int><int>0</int><int>0</int><int>41975808</int><int>0</int><int>0</int><int>0</int><int>0</int><int>0</int><int>0</int><int>0</int><int>0</int><int>0</int><int>0</int><int>0</int><int>0</int><int>0</int><int>0</int><int>0</int><int>0</int><int>0</int><int>0</int><int>0</int><int>0</int><int>0</int><int>0</int><int>0</int><int>0</int><int>0</int><int>0</int><int>0</int><int>0</int><int>0</int><int>0</int><int>0</int><int>0</int><int>0</int><int>0</int><int>0</int><int>0</int><int>0</int><int>50331520</int><int>0</int><int>199807417</int><int>-403121727</int><int>-7737</int><int>-50799935</int><int>-468543</int><int>-468543</int><int>-534081</int><int>-140091</int><int>-1978708</int><int>-7624363</int><int>-6770845</int><int>-10383820</int><int>-16745728</int><int>-8682989</int><int>-423888</int><int>-489424</int><int>-554961</int><int>-554960</int><int>-489424</int><int>-17332177</int><int>-30158</int><int>-388921818</int><int>-1468497135</int><int>665487642</int><int>0</int><int>33554176</int><int>0</int><int>0</int><int>0</int><int>0</int><int>0</int><int>0</int><int>0</int><int>0</int><int>0</int><int>0</int><int>0</int><int>0</int><int>0</int><int>0</int><int>0</int><int>0</int><int>0</int><int>0</int><int>0</int><int>0</int><int>0</int><int>0</int><int>0</int><int>0</int><int>0</int><int>0</int><int>0</int><int>0</int><int>0</int><int>0</int><int>0</int><int>0</int><int>0</int><int>0</int><int>0</int><int>0</int><int>50299008</int><int>0</int><int>199801227</int><int>-403128952</int><int>-15476</int><int>-34096249</int><int>-476025</int><int>-476025</int><int>-541818</int><int>-147829</int><int>-1985415</int><int>-7693251</int><int>-6774714</int><int>-10450653</int><int>-16745216</int><int>-8682990</int><int>-358352</int><int>-423888</int><int>-554960</int><int>-489424</int><int>-489424</int><int>-554960</int><int>-33585103</int><int>-2848473</int><int>-6975721</int><int>-1701280743</int><int>93952256</int><int>0</int><int>33554176</int><int>0</int><int>0</int><int>0</int><int>0</int><int>0</int><int>0</int><int>0</int><int>0</int><int>0</int><int>0</int><int>0</int><int>0</int><int>0</int><int>0</int><int>0</int><int>0</int><int>0</int><int>0</int><int>0</int><int>0</int><int>0</int><int>0</int><int>0</int><int>0</int><int>0</int><int>0</int><int>0</int><int>0</int><int>0</int><int>0</int><int>0</int><int>0</int><int>0</int><int>0</int><int>0</int><int>50299008</int><int>0</int><int>199801227</int><int>-403126631</int><int>-13153</int><int>-50805350</int><int>-473703</int><int>-473703</int><int>-539240</int><int>-145507</int><int>-1983351</int><int>-7888828</int><int>-6970033</int><int>-10777816</int><int>-16745472</int><int>-8814061</int><int>-96207</int><int>-161743</int><int>-292815</int><int>-227279</int><int>-227279</int><int>-358351</int><int>-30414</int><int>-53311705</int><int>-7895787</int><int>-476609767</int><int>428836116</int><int>0</int><int>41975808</int><int>0</int><int>0</int><int>0</int><int>0</int><int>0</int><int>0</int><int>0</int><int>0</int><int>0</int><int>0</int><int>0</int><int>0</int><int>0</int><int>0</int><int>0</int><int>0</int><int>0</int><int>0</int><int>0</int><int>0</int><int>0</int><int>0</int><int>0</int><int>0</int><int>0</int><int>0</int><int>0</int><int>0</int><int>0</int><int>0</int><int>0</int><int>0</int><int>0</int><int>0</int><int>0</int><int>50299008</int><int>0</int><int>199789405</int><int>-403137445</int><int>-24226</int><int>-34104485</int><int>-484517</int><int>-484517</int><int>-550054</int><int>-222115</int><int>-1534126</int><int>-4879058</int><int>-4354253</int><int>-6978017</int><int>-8814066</int><int>-7372009</int><int>-21395935</int><int>-38238943</int><int>-21461728</int><int>-38238944</int><int>-21461728</int><int>-21527264</int><int>-21264863</int><int>-56064739</int><int>-7109096</int><int>-107707367</int><int>513378330</int><int>0</int><int>61494528</int><int>0</int><int>0</int><int>0</int><int>0</int><int>0</int><int>0</int><int>0</int><int>0</int><int>0</int><int>0</int><int>0</int><int>0</int><int>0</int><int>0</int><int>0</int><int>0</int><int>0</int><int>0</int><int>0</int><int>0</int><int>0</int><int>0</int><int>0</int><int>0</int><int>0</int><int>0</int><int>0</int><int>0</int><int>0</int><int>0</int><int>0</int><int>0</int><int>0</int><int>0</int><int>0</int><int>50298880</int><int>0</int><int>199783447</int><int>-403144168</int><int>-30951</int><int>-50822377</int><int>-490984</int><int>-490984</int><int>-556520</int><int>-294377</int><int>-1342950</int><int>-3832801</int><int>-3439841</int><int>-5798885</int><int>-7109608</int><int>-6978536</int><int>-7764971</int><int>-7764715</int><int>-7699179</int><int>-7699179</int><int>-7699179</int><int>-7699179</int><int>-7764715</int><int>-7371497</int><int>-6584039</int><int>-392985576</int><int>429491476</int><int>0</int><int>41975808</int><int>0</int><int>0</int><int>0</int><int>0</int><int>0</int><int>0</int><int>0</int><int>0</int><int>0</int><int>0</int><int>0</int><int>0</int><int>0</int><int>0</int><int>0</int><int>0</int><int>0</int><int>0</int><int>0</int><int>0</int><int>0</int><int>0</int><int>0</int><int>0</int><int>0</int><int>0</int><int>0</int><int>0</int><int>0</int><int>0</int><int>0</int><int>0</int><int>0</int><int>0</int><int>0</int><int>50298880</int><int>0</int><int>199789358</int><int>-403142348</int><int>-29131</int><int>-50820556</int><int>-489165</int><int>-489165</int><int>-554701</int><int>-292556</int><int>-1341392</int><int>-4159965</int><int>-3766747</int><int>-22903525</int><int>-41253867</int><int>-7240681</int><int>-6715623</int><int>-6715623</int><int>-6715623</int><int>-6715623</int><int>-6715623</int><int>-6715623</int><int>-6715879</int><int>-107576295</int><int>-694909928</int><int>1553368345</int><int>16777216</int><int>0</int><int>16777216</int><int>0</int><int>0</int><int>0</int><int>0</int><int>0</int><int>0</int><int>0</int><int>0</int><int>0</int><int>0</int><int>0</int><int>0</int><int>0</int><int>0</int><int>0</int><int>0</int><int>0</int><int>0</int><int>0</int><int>0</int><int>0</int><int>0</int><int>0</int><int>0</int><int>0</int><int>0</int><int>0</int><int>0</int><int>0</int><int>0</int><int>0</int><int>0</int><int>0</int><int>0</int><int>0</int><int>50298880</int><int>0</int><int>199789358</int><int>-419985616</int><int>-29647</int><int>-67598544</int><int>-34043857</int><int>-34043857</int><int>-34043857</int><int>-33978320</int><int>-34174929</int><int>-34633683</int><int>-17856466</int><int>-34961620</int><int>-947410</int><int>-220363223</int><int>1868792075</int><int>914981912</int><int>915571736</int><int>882082841</int><int>882082841</int><int>882082841</int><int>882082841</int><int>815105307</int><int>596804374</int><int>16777216</int><int>0</int><int>16777216</int><int>0</int><int>0</int><int>0</int><int>0</int><int>0</int><int>0</int><int>0</int><int>0</int><int>0</int><int>0</int><int>0</int><int>0</int><int>0</int><int>0</int><int>0</int><int>0</int><int>0</int><int>0</int><int>0</int><int>0</int><int>0</int><int>0</int><int>0</int><int>0</int><int>0</int><int>0</int><int>0</int><int>0</int><int>0</int><int>0</int><int>0</int><int>0</int><int>0</int><int>0</int><int>0</int><int>0</int><int>50298880</int><int>0</int><int>201296686</int><int>-302544848</int><int>-28621</int><int>-292303</int><int>-95439</int><int>-95439</int><int>-95439</int><int>-160975</int><int>-95439</int><int>-29902</int><int>-29902</int><int>-161487</int><int>-28876</int><int>-872773583</int><int>0</int><int>0</int><int>0</int><int>0</int><int>0</int><int>0</int><int>0</int><int>0</int><int>0</int><int>0</int><int>16777216</int><int>0</int><int>0</int><int>0</int><int>0</int><int>0</int><int>0</int><int>0</int><int>0</int><int>0</int><int>0</int><int>0</int><int>0</int><int>0</int><int>0</int><int>0</int><int>0</int><int>0</int><int>0</int><int>0</int><int>0</int><int>0</int><int>0</int><int>0</int><int>0</int><int>0</int><int>0</int><int>0</int><int>0</int><int>0</int><int>0</int><int>0</int><int>0</int><int>0</int><int>0</int><int>0</int><int>0</int><int>0</int><int>50298880</int><int>0</int><int>184523059</int><int>-487028431</int><int>-292303</int><int>-134707153</int><int>-101152720</int><int>-101152720</int><int>-101152720</int><int>-101152720</int><int>-134707153</int><int>-302544592</int><int>-604469200</int><int>-1107851217</int><int>-2064283856</int><int>754550062</int><int>0</int><int>61516288</int><int>75530240</int><int>75530240</int><int>75530240</int><int>75530240</int><int>75530240</int><int>61516288</int><int>61494528</int><int>16777216</int><int>0</int><int>0</int><int>0</int><int>0</int><int>0</int><int>0</int><int>0</int><int>0</int><int>0</int><int>0</int><int>0</int><int>0</int><int>0</int><int>0</int><int>0</int><int>0</int><int>0</int><int>0</int><int>0</int><int>0</int><int>0</int><int>0</int><int>0</int><int>0</int><int>0</int><int>0</int><int>0</int><int>0</int><int>0</int><int>0</int><int>0</int><int>0</int><int>0</int><int>0</int><int>0</int><int>0</int><int>0</int><int>0</int><int>0</int><int>0</int><int>33554176</int><int>536316977</int><int>603490867</int><int>586712877</int><int>586712877</int><int>586712877</int><int>586712877</int><int>586712877</int><int>586712877</int><int>536841265</int><int>469732911</int><int>352291891</int><int>117407787</int><int>0</int><int>16777216</int><int>0</int><int>0</int><int>0</int><int>0</int><int>0</int><int>0</int><int>0</int><int>0</int><int>0</int><int>0</int><int>0</int><int>0</int><int>0</int><int>0</int><int>0</int><int>0</int><int>0</int><int>0</int><int>0</int><int>0</int><int>0</int><int>0</int><int>0</int><int>0</int><int>0</int><int>0</int><int>0</int><int>0</int><int>0</int><int>0</int><int>0</int><int>0</int><int>0</int><int>0</int><int>0</int><int>0</int><int>0</int><int>0</int><int>0</int><int>0</int><int>0</int><int>0</int><int>0</int><int>0</int><int>0</int><int>0</int><int>0</int><int>0</int><int>0</int><int>0</int><int>0</int><int>0</int><int>0</int><int>0</int><int>0</int><int>0</int><int>0</int><int>0</int><int>0</int><int>0</int><int>0</int><int>0</int><int>33554176</int><int>0</int><int>0</int><int>0</int><int>0</int><int>0</int><int>0</int><int>0</int><int>0</int><int>0</int><int>0</int><int>0</int><int>0</int><int>0</int><int>0</int><int>0</int><int>0</int><int>0</int><int>0</int><int>0</int><int>0</int><int>0</int><int>0</int><int>0</int><int>0</int><int>0</int><int>0</int><int>0</int><int>0</int><int>0</int><int>0</int><int>0</int><int>0</int><int>0</int><int>0</int><int>0</int><int>0</int><int>0</int><int>0</int><int>0</int><int>0</int><int>0</int><int>0</int><int>0</int><int>0</int><int>0</int><int>0</int><int>0</int><int>0</int><int>0</int><int>0</int><int>0</int><int>67065173</int><int>67086933</int><int>67086933</int><int>67086933</int><int>67086933</int><int>67086933</int><int>67086933</int><int>67086933</int><int>67086933</int><int>67065088</int><int>50298880</int><int>33554176</int><int>0</int><int>0</int><int>0</int><int>0</int><int>0</int><int>0</int><int>0</int><int>0</int><int>0</int><int>0</int><int>0</int><int>0</int><int>0</int><int>0</int><int>0</int><int>0</int><int>0</int><int>0</int><int>0</int><int>0</int><int>0</int><int>0</int><int>0</int><int>0</int><int>0</int><int>0</int><int>0</int><int>0</int><int>0</int></int-array></javax.swing.ImageIcon></icon><destroyable>true</destroyable><x>5</x><y>3</y><draw__x>320</draw__x><draw__y>192</draw__y><multipleBomb>false</multipleBomb><lives>3</lives><bombControllable>false</bombControllable><velocity>4</velocity><maxBomb>1</maxBomb><range>1</range></player><a>6</a></ControllerSubsystem.GameEngine>