<?xml version="1.0" ?><ControllerSubsystem.GameEngine><BOMB__TIME>5</BOMB__TIME><DEFAULT__TIME>20</DEFAULT__TIME><score>0</score><currentLevel>1</currentLevel><time>11</time><paused>true</paused><destroyBombs>false</destroyBombs><bombTimers></bombTimers><fireTimers></fireTimers><movements></movements><colMan></colMan><souMan><music><yourFile>src/Sources/Sounds/music.wav</yourFile><stream><stream class="java.io.FileInputStream"><fd><fd>58</fd><parent class="java.io.FileInputStream" reference="../.."></parent><closed>false</closed></fd><path>src/Sources/Sounds/music.wav</path><closeLock></closeLock><closed>false</closed></stream><format><encoding><name>PCM_SIGNED</name></encoding><sampleRate>44100.0</sampleRate><sampleSizeInBits>16</sampleSizeInBits><channels>2</channels><frameSize>4</frameSize><frameRate>44100.0</frameRate><bigEndian>false</bigEndian></format><frameLength>662400</frameLength><frameSize>4</frameSize><framePos>0</framePos><markpos>0</markpos><pushBackLen>0</pushBackLen><markPushBackLen>0</markPushBackLen></stream><format reference="../stream/format"></format><info><lineClass>javax.sound.sampled.Clip</lineClass><formats><javax.sound.sampled.AudioFormat reference="../../../stream/format"></javax.sound.sampled.AudioFormat></formats><minBufferSize>-1</minBufferSize><maxBufferSize>-1</maxBufferSize></info><isPlay>false</isPlay></music><dead><yourFile>src/Sources/Sounds/dead.wav</yourFile><stream><stream class="java.io.FileInputStream"><fd><fd>60</fd><parent class="java.io.FileInputStream" reference="../.."></parent><closed>false</closed></fd><path>src/Sources/Sounds/dead.wav</path><closeLock></closeLock><closed>false</closed></stream><format><encoding reference="../../../../music/stream/format/encoding"></encoding><sampleRate>44100.0</sampleRate><sampleSizeInBits>16</sampleSizeInBits><channels>1</channels><frameSize>2</frameSize><frameRate>44100.0</frameRate><bigEndian>false</bigEndian></format><frameLength>21421</frameLength><frameSize>2</frameSize><framePos>0</framePos><markpos>0</markpos><pushBackLen>0</pushBackLen><markPushBackLen>0</markPushBackLen></stream><format reference="../stream/format"></format><info><lineClass>javax.sound.sampled.Clip</lineClass><formats><javax.sound.sampled.AudioFormat reference="../../../stream/format"></javax.sound.sampled.AudioFormat></formats><minBufferSize>-1</minBufferSize><maxBufferSize>-1</maxBufferSize></info><isPlay>false</isPlay></dead><bomb><yourFile>src/Sources/Sounds/bomb.wav</yourFile><stream><stream class="java.io.FileInputStream"><fd><fd>62</fd><parent class="java.io.FileInputStream" reference="../.."></parent><closed>false</closed></fd><path>src/Sources/Sounds/bomb.wav</path><closeLock></closeLock><closed>false</closed></stream><format><encoding reference="../../../../music/stream/format/encoding"></encoding><sampleRate>48000.0</sampleRate><sampleSizeInBits>16</sampleSizeInBits><channels>1</channels><frameSize>2</frameSize><frameRate>48000.0</frameRate><bigEndian>false</bigEndian></format><frameLength>77846</frameLength><frameSize>2</frameSize><framePos>0</framePos><markpos>0</markpos><pushBackLen>0</pushBackLen><markPushBackLen>0</markPushBackLen></stream><format reference="../stream/format"></format><info><lineClass>javax.sound.sampled.Clip</lineClass><formats><javax.sound.sampled.AudioFormat reference="../../../stream/format"></javax.sound.sampled.AudioFormat></formats><minBufferSize>-1</minBufferSize><maxBufferSize>-1</maxBufferSize></info><isPlay>false</isPlay></bomb></souMan><storageMan><listOfScores></listOfScores><scorelines></scorelines></storageMan><soundEffect>false</soundEffect><musicEffect>false</musicEffect><a>3</a></ControllerSubsystem.GameEngine>